,code,time_key,open,close,high,low,pe_ratio,turnover_rate,volume,turnover,change_rate,last_close,incr,rsi6,rsi12,rsi24,crossover_6_12,crossover_6_24,crossover_12_24,upper_crossover_rsi_6,upper_crossover_rsi_12,upper_crossover_rsi_24,lower_crossover_rsi_6,lower_crossover_rsi_12,lower_crossover_rsi_24,crossunder_6_12,crossunder_6_24,crossunder_12_24,lower_crossunder_rsi_6,lower_crossunder_rsi_12,lower_crossunder_rsi_24,upper_crossunder_rsi_6,upper_crossunder_rsi_12,upper_crossunder_rsi_24
0,HK.09988,2019-11-26 00:00:00,187.0,187.6,189.5,187.0,40.188,0.00349,74549578,13996288126.0,0.320855614973259,176.0,1,0.0,0.0,0.0,0,0,0,0,0,0,0,0,0,0,0,0,0,0,0,0,0,0
1,HK.09988,2019-11-27 00:00:00,190.0,193.2,195.3,189.3,41.388,0.00251,53617241,10354262260.0,2.9850746268656687,187.6,1,0.0,0.0,0.0,0,0,0,0,0,0,0,0,0,0,0,0,0,0,0,0,0,0
2,HK.09988,2019-11-28 00:00:00,197.0,204.0,204.2,196.9,43.701,0.00196,41816834,8369008729.0,5.590062111801249,193.2,1,0.0,0.0,0.0,0,0,0,0,0,0,0,0,0,0,0,0,0,0,0,0,0,0
3,HK.09988,2019-11-29 00:00:00,204.0,198.4,204.8,197.5,42.502,0.00171,36509531,7303350200.0,-2.7450980392156836,204.0,0,0.0,0.0,0.0,0,0,0,0,0,0,0,0,0,0,0,0,0,0,0,0,0,0
4,HK.09988,2019-12-02 00:00:00,198.0,195.5,198.9,194.0,41.88,0.00124,26592325,5215712264.0,-1.4616935483870996,198.4,0,0.0,0.0,0.0,0,0,0,0,0,0,0,0,0,0,0,0,0,0,0,0,0,0
5,HK.09988,2019-12-03 00:00:00,191.7,192.6,194.2,190.4,41.259,0.00093,19911922,3833266643.0,-1.4833759590792868,195.5,0,0.0,0.0,0.0,0,0,0,0,0,0,0,0,0,0,0,0,0,0,0,0,0,0
6,HK.09988,2019-12-04 00:00:00,190.0,189.0,191.6,188.5,40.488,0.0009,19276308,3662461874.0,-1.86915887850467,192.6,0,52.229299363057336,0.0,0.0,0,0,0,0,0,0,1,0,0,0,0,0,0,0,0,0,0,0
7,HK.09988,2019-12-05 00:00:00,191.4,192.4,193.8,190.9,41.216,0.00084,17932572,3449250867.0,1.798941798941802,189.0,1,57.72266065388953,0.0,0.0,0,0,0,0,0,0,0,0,0,0,0,0,0,0,0,0,0,0
8,HK.09988,2019-12-06 00:00:00,196.1,197.5,198.1,195.4,42.309,0.0009,19205791,3786161450.0,2.6507276507276476,192.4,1,64.97291238557818,0.0,0.0,0,0,0,0,0,0,0,0,0,0,0,0,0,0,0,0,0,0
9,HK.09988,2019-12-09 00:00:00,197.0,196.6,198.3,196.0,42.116,0.0004,8558132,1684030748.0,-0.45569620253164844,197.5,0,62.69603778346612,0.0,0.0,0,0,0,0,0,0,0,0,0,0,0,0,0,0,0,0,0,0
10,HK.09988,2019-12-10 00:00:00,195.0,195.4,196.5,193.7,41.859,0.00031,6639899,1297729168.0,-0.6103763987792414,196.6,0,59.36734011101933,0.0,0.0,0,0,0,0,0,0,0,0,0,0,0,0,0,0,0,0,0,0
11,HK.09988,2019-12-11 00:00:00,196.2,197.6,198.4,195.4,42.33,0.00031,6534411,1289656822.0,1.1258955987717443,195.4,1,63.61701113052536,0.0,0.0,0,0,0,0,0,0,0,0,0,0,0,0,0,0,0,0,0,0
12,HK.09988,2019-12-12 00:00:00,199.6,200.2,201.2,199.6,43.903,0.00041,8825275,1767082379.0,1.3157894736842077,197.6,1,68.31644814558237,63.46153846153846,0.0,0,0,0,0,0,0,0,1,0,0,0,0,0,0,0,0,0,0
13,HK.09988,2019-12-13 00:00:00,202.8,202.0,203.0,199.4,44.298,0.00087,18576570,3730374498.0,0.899100899100905,200.2,1,71.38683924037649,64.93288590604027,0.0,0,0,0,0,0,0,0,0,0,0,0,0,0,0,0,0,0,0
14,HK.09988,2019-12-16 00:00:00,201.6,201.0,202.8,200.0,44.078,0.00031,6616578,1332865469.0,-0.49504950495049505,202.0,0,67.05474315879876,63.38594401429423,0.0,0,0,0,0,0,0,0,0,0,0,0,0,0,0,0,0,0,0
15,HK.09988,2019-12-17 00:00:00,203.2,203.8,205.8,202.2,44.692,0.00052,11225195,2289954265.0,1.3930348258706524,201.0,1,72.63457810383863,65.86963105032052,0.0,0,0,0,0,0,0,0,0,0,0,0,0,0,0,0,0,0,0
16,HK.09988,2019-12-18 00:00:00,203.8,202.6,203.8,201.6,44.429,0.00038,8179646,1656570056.0,-0.5888125613346501,203.8,0,66.81481032906201,63.844811100486965,0.0,0,0,0,0,0,0,0,0,0,0,0,0,0,0,0,0,0,0
17,HK.09988,2019-12-19 00:00:00,204.0,204.8,205.4,202.6,44.912,0.00035,7525360,1535639844.0,1.0858835143139276,202.6,1,71.78784200295026,65.9388760636671,0.0,0,0,0,0,0,0,0,0,0,0,0,0,0,0,0,0,0,0
18,HK.09988,2019-12-20 00:00:00,205.0,207.0,208.4,204.8,45.394,0.00078,16804751,3479251966.0,1.0742187499999944,204.8,1,76.0879131944209,67.96310002625961,0.0,0,0,0,0,0,0,0,0,0,0,0,0,0,0,0,0,0,0
19,HK.09988,2019-12-23 00:00:00,209.0,208.4,210.2,207.8,45.701,0.00046,9892858,2067031118.0,0.6763285024154617,207.0,1,78.58093690737932,69.23246414602087,0.0,0,0,0,0,0,0,0,0,0,0,0,0,0,0,0,0,0,0
20,HK.09988,2019-12-24 00:00:00,209.8,210.4,211.0,209.0,46.14,0.00036,7770434,1632437670.0,0.9596928982725527,208.4,1,81.8286606214678,71.0218224879622,0.0,0,0,0,1,0,0,0,0,0,0,0,0,0,0,0,0,0,0
21,HK.09988,2019-12-27 00:00:00,211.0,212.8,213.6,210.8,46.666,0.0005,10774808,2294376491.0,1.1406844106463905,210.4,1,85.08521353034173,73.071943179493,0.0,0,0,0,0,0,0,0,0,0,0,0,0,0,0,0,0,0,0
22,HK.09988,2019-12-30 00:00:00,211.0,210.6,212.0,210.4,46.184,0.00046,9970904,2104804089.0,-1.0338345864661733,212.8,0,71.07402990662014,68.24388906902254,0.0,0,0,0,0,0,0,0,0,0,0,0,0,0,0,0,1,0,0
23,HK.09988,2019-12-31 00:00:00,207.8,207.2,208.2,206.2,45.438,0.00041,8813067,1824228978.0,-1.614434947768284,210.6,0,54.44648699538445,61.40380338889936,0.0,0,0,0,0,0,0,0,0,0,1,0,0,0,0,0,0,0,0
24,HK.09988,2020-01-02 00:00:00,208.0,210.0,211.0,208.0,46.052,0.00044,9516678,1999240664.0,1.351351351351357,207.2,1,63.000555127922574,64.59214647863884,65.5124653739612,0,0,0,0,0,0,0,0,1,0,1,1,0,0,0,0,0,0
25,HK.09988,2020-01-03 00:00:00,215.0,212.0,215.0,211.2,46.491,0.00053,11307103,2407183770.0,0.9523809523809524,210.0,1,68.13016010982606,66.73349908520575,66.48132974364975,1,1,1,0,0,0,0,0,0,0,0,0,0,0,0,0,0,0
26,HK.09988,2020-01-06 00:00:00,211.0,211.0,211.8,209.2,46.271,0.00053,11303411,2381117912.0,-0.4716981132075472,212.0,0,62.898046985666745,64.60243723506225,65.52096865611001,0,0,0,0,0,0,0,0,0,1,1,1,0,0,0,0,0,0
27,HK.09988,2020-01-07 00:00:00,211.8,212.6,214.0,211.6,46.622,0.00054,11676599,2486592839.0,0.7582938388625565,211.0,1,67.66567864218233,66.47130001880859,66.33294499517575,1,1,1,0,0,0,0,0,0,0,0,0,0,0,0,0,0,0
28,HK.09988,2020-01-08 00:00:00,210.0,210.8,211.6,207.8,46.228,0.0007,15095573,3163855655.0,-0.8466603951081764,212.6,0,57.662595489460706,62.426350684144616,64.54847107234264,0,0,0,0,0,0,0,0,0,1,1,1,0,0,0,0,0,0
29,HK.09988,2020-01-09 00:00:00,214.0,215.6,215.8,213.2,47.28,0.00057,12261435,2629511294.0,2.2770398481973353,210.8,1,71.2588557615741,68.07745931604723,67.0174495281853,1,1,1,0,0,0,0,0,0,0,0,0,0,0,0,0,0,0
30,HK.09988,2020-01-10 00:00:00,216.6,218.0,219.0,216.4,47.807,0.00055,11860220,2585804054.0,1.113172541743973,215.6,1,75.90213728443129,70.49773173234813,68.17387976792828,0,0,0,0,0,0,0,0,0,0,0,0,0,0,0,0,0,0
31,HK.09988,2020-01-13 00:00:00,219.8,222.8,224.6,219.6,48.859,0.00082,17692255,3930617128.0,2.2018348623853266,218.0,1,82.63508078975329,74.68526891998481,70.34389469100167,0,0,0,1,0,0,0,0,0,0,0,0,0,0,0,0,0,0
32,HK.09988,2020-01-14 00:00:00,225.0,223.6,227.4,222.8,49.035,0.00078,16784465,3771477930.0,0.3590664272890408,222.8,1,83.55407894854747,75.3221350643527,70.69143543409116,0,0,0,0,0,0,0,0,0,0,0,0,0,0,0,0,0,0
33,HK.09988,2020-01-15 00:00:00,220.2,220.8,221.6,218.2,48.421,0.00101,21735164,4780256003.0,-1.2522361359570586,223.6,0,68.35946072519789,68.72096808709203,67.79002701331738,0,0,0,0,0,0,0,0,0,1,0,0,0,0,0,1,0,0
34,HK.09988,2020-01-16 00:00:00,219.4,219.4,220.6,218.6,48.114,0.00061,12993720,2850033985.0,-0.6340579710144953,220.8,0,61.634395125887195,65.58576105782984,66.36881285199843,0,0,0,0,0,0,0,0,0,0,1,1,0,0,0,0,0,0
35,HK.09988,2020-01-17 00:00:00,218.8,220.4,221.2,216.2,48.333,0.00099,21245436,4647552730.0,0.4557885141294439,219.4,1,64.61795043953458,66.76718195970466,66.88624982456685,0,0,0,0,0,0,0,0,0,0,0,0,0,0,0,0,0,0
36,HK.09988,2020-01-20 00:00:00,221.0,220.2,222.8,220.2,48.289,0.00052,11229916,2488900485.0,-0.09074410163340156,220.4,0,63.43402178233817,66.27080991399015,66.67217122292273,0,0,0,0,0,0,0,0,0,0,0,0,0,0,0,0,0,0
37,HK.09988,2020-01-21 00:00:00,218.0,215.8,219.0,214.6,47.324,0.00094,20241728,4381192303.0,-1.9981834695731049,220.2,0,42.75393446836312,56.236768920511835,62.10870369953199,0,0,0,0,0,0,0,0,0,0,0,0,0,0,0,0,0,0
38,HK.09988,2020-01-22 00:00:00,215.8,218.4,219.8,212.4,47.894,0.00068,14632484,3181729613.0,1.204819277108431,215.8,1,53.50272380526556,60.12835775749925,63.64311269848265,0,0,0,0,0,0,0,0,0,0,0,0,0,0,0,0,0,0
39,HK.09988,2020-01-23 00:00:00,216.0,213.4,216.8,212.2,46.798,0.00075,16013394,3428512744.0,-2.2893772893772892,218.4,0,37.328268721188955,50.67480827837887,58.86008780318593,0,0,0,0,0,0,0,0,0,0,0,0,0,0,0,0,0,0
40,HK.09988,2020-01-24 00:00:00,213.4,214.6,215.4,211.8,47.061,0.00035,7583855,1624461364.0,0.5623242736644745,213.4,1,42.34778908451022,52.62494512366874,59.62008377446519,0,0,0,0,0,0,0,0,0,0,0,0,0,0,0,0,0,0
41,HK.09988,2020-01-29 00:00:00,205.8,207.4,209.6,205.6,45.482,0.00116,24946947,5186071401.0,-3.3550792171481776,214.6,0,26.859104094167307,41.80620155327015,53.439302606145695,0,0,0,0,0,0,0,0,0,0,0,0,1,0,0,0,0,0
42,HK.09988,2020-01-30 00:00:00,207.2,201.8,207.2,199.8,44.254,0.00123,26416987,5340558392.0,-2.7000964320154264,207.4,0,20.023691573737594,35.59691595518933,49.29199614987772,0,0,0,0,0,0,0,0,0,0,0,0,0,0,0,0,0,0
43,HK.09988,2020-01-31 00:00:00,204.8,200.4,204.8,199.6,43.947,0.00085,18257747,3674404242.0,-0.6937561942517372,201.8,0,18.60337181704074,34.21112767201117,48.313857379675554,0,0,0,0,0,0,0,0,0,0,0,0,0,0,0,0,0,0
44,HK.09988,2020-02-03 00:00:00,201.2,205.0,206.0,200.0,44.956,0.00111,23784275,4857391412.0,2.2954091816367237,200.4,1,36.39271398399705,42.26723472233592,51.60635594857988,0,0,0,0,0,0,1,0,0,0,0,0,0,0,0,0,0,0
45,HK.09988,2020-02-04 00:00:00,208.4,213.2,214.8,207.2,46.754,0.00117,25035681,5308523103.0,3.9999999999999947,205.0,1,56.65631329068671,53.3710660154024,56.7331532283286,1,0,0,0,0,0,0,0,0,0,0,0,0,0,0,0,0,0
46,HK.09988,2020-02-05 00:00:00,215.6,215.6,218.6,214.0,47.28,0.00112,23975014,5184838688.0,1.1257035647279579,213.2,1,61.01798200858975,56.06886079805462,58.08916944055503,0,1,0,0,0,0,0,0,0,0,0,0,0,0,0,0,0,0
47,HK.09988,2020-02-06 00:00:00,215.2,217.4,219.2,213.8,47.675,0.00087,18777127,4076443195.0,0.8348794063079831,215.6,1,64.25527015054826,58.05444885984561,59.09252977537977,0,0,0,0,0,0,0,0,0,0,0,0,0,0,0,0,0,0
48,HK.09988,2020-02-07 00:00:00,215.0,215.4,216.2,214.2,47.236,0.00066,14223318,3062984328.0,-0.9199632014719411,217.4,0,57.849712019368205,55.03912305264202,57.49660020169691,0,0,0,0,0,0,0,0,0,0,0,0,0,0,0,0,0,0
49,HK.09988,2020-02-10 00:00:00,211.2,212.6,214.8,211.2,46.622,0.00109,23432236,4986098867.0,-1.2999071494893275,215.4,0,49.55101253451093,50.99397689761726,55.31422502388303,0,0,0,0,0,0,0,0,0,1,1,0,0,0,0,0,0,0
50,HK.09988,2020-02-11 00:00:00,211.8,212.2,213.6,207.2,46.535,0.00137,29376694,6218579635.0,-0.18814675446848808,212.6,0,48.361706400250846,50.416511422381895,55.0030110575522,0,0,0,0,0,0,0,0,0,0,0,0,0,0,0,0,0,0
51,HK.09988,2020-02-12 00:00:00,212.0,215.0,215.8,210.2,47.149,0.00114,24402441,5221494115.0,1.3195098963242278,212.2,1,57.02588428969052,54.362999832874856,56.77922880053905,1,1,0,0,0,0,0,0,0,0,0,0,0,0,0,0,0,0
52,HK.09988,2020-02-13 00:00:00,217.4,217.2,218.0,215.0,47.631,0.00096,20547490,4451042438.0,1.023255813953483,215.0,1,62.89571341974716,57.277622737268466,58.13417019093727,0,0,0,0,0,0,0,0,0,0,0,0,0,0,0,0,0,0
53,HK.09988,2020-02-14 00:00:00,214.4,215.0,217.0,213.8,47.149,0.00074,15926098,3434147137.0,-1.0128913443830518,217.2,0,54.0383960499891,53.54693851454378,56.292704968133336,0,0,0,0,0,0,0,0,0,0,1,0,0,0,0,0,0,0
54,HK.09988,2020-02-17 00:00:00,214.4,217.4,217.8,213.4,47.675,0.00072,15531105,3362598300.0,1.1162790697674445,215.0,1,61.19265836151429,56.88867355833101,57.81386108661211,0,1,0,0,0,0,0,0,0,0,0,0,0,0,0,0,0,0
55,HK.09988,2020-02-18 00:00:00,215.8,214.0,216.0,213.4,46.929,0.00061,13177196,2824341325.0,-1.5639374425023025,217.4,0,48.388273214627255,51.196782536550316,54.984978021254555,0,0,0,0,0,0,0,0,0,1,1,0,0,0,0,0,0,0
56,HK.09988,2020-02-19 00:00:00,214.6,214.0,216.8,214.0,46.929,0.00047,10179246,2189766091.0,0.0,214.0,0,48.388273214627255,51.196782536550316,54.984978021254555,0,0,0,0,0,0,0,0,0,0,0,0,0,0,0,0,0,0
57,HK.09988,2020-02-20 00:00:00,216.8,215.6,216.8,213.8,47.28,0.00059,12728604,2737328615.0,0.7476635514018665,214.0,1,54.7977556902125,53.7863048142977,56.085994824305345,1,0,0,0,0,0,0,0,0,0,0,0,0,0,0,0,0,0
58,HK.09988,2020-02-21 00:00:00,213.0,212.6,214.0,212.0,46.622,0.0007,15106823,3217183492.0,-1.391465677179963,215.6,0,42.83016256176817,48.52026439147752,53.52461091375578,0,0,0,0,0,0,0,0,0,1,0,0,0,0,0,0,0,0
59,HK.09988,2020-02-24 00:00:00,206.4,205.2,207.6,205.0,45.0,0.00144,30852998,6358341266.0,-3.4807149576669834,212.6,0,26.01362385470189,38.40275000183115,47.894699363811654,0,0,0,0,0,0,0,0,0,0,0,0,1,0,0,0,0,0
60,HK.09988,2020-02-25 00:00:00,203.4,206.6,207.4,203.0,45.307,0.00109,23465654,4821241929.0,0.6822612085770009,205.2,1,32.06888904279117,40.9442927781051,48.954645984609634,0,0,0,0,0,0,1,0,0,0,0,0,0,0,0,0,0,0
61,HK.09988,2020-02-26 00:00:00,201.8,203.0,204.4,201.0,44.517,0.00135,29014994,5890163456.0,-1.7424975798644697,206.6,0,25.603003194467675,36.69684670408167,46.42084223117536,0,0,0,0,0,0,0,0,0,0,0,0,1,0,0,0,0,0
62,HK.09988,2020-02-27 00:00:00,203.0,205.2,205.6,201.4,45.0,0.00109,23397941,4750201205.0,1.0837438423645265,203.0,1,35.186250399840276,40.791589635488734,48.132732851927464,0,0,0,0,0,0,1,0,0,0,0,0,0,0,0,0,0,0
63,HK.09988,2020-02-28 00:00:00,200.6,200.0,202.0,199.5,43.859,0.00181,38816951,7774082289.0,-2.5341130604288447,205.2,0,25.770704791669402,34.960517957589246,44.61678465399446,0,0,0,0,0,0,0,0,0,0,0,0,1,0,0,0,0,0
64,HK.09988,2020-03-02 00:00:00,201.2,204.6,205.0,200.6,44.868,0.00079,17004513,3458226393.0,2.299999999999997,200.0,1,42.191669380912295,42.845029668925925,48.11526504164549,0,0,0,0,0,0,1,0,0,0,0,0,0,0,0,0,0,0
65,HK.09988,2020-03-03 00:00:00,206.2,203.2,206.6,202.4,44.561,0.00089,19156355,3925179562.0,-0.684261974584558,204.6,0,39.03768973956004,41.187277593525195,47.16900264705816,0,0,0,0,0,0,0,0,0,0,0,0,0,0,0,0,0,0
66,HK.09988,2020-03-04 00:00:00,203.0,202.2,203.2,200.6,44.342,0.00068,14553445,2941426278.0,-0.4921259842519685,203.2,0,36.68698842872457,39.98184618914616,46.487573127565845,0,0,0,0,0,0,0,0,0,0,0,0,0,0,0,0,0,0
67,HK.09988,2020-03-05 00:00:00,205.2,207.2,208.2,204.0,45.438,0.0009,19343293,3991385561.0,2.472799208704253,202.2,1,53.49067659217459,48.2440887311416,50.23827934752036,1,1,0,0,0,0,0,0,0,0,0,0,0,0,0,0,0,0
68,HK.09988,2020-03-06 00:00:00,205.0,203.8,205.2,202.8,44.692,0.00059,12734463,2594124248.0,-1.64092664092663,207.2,0,43.96836989835575,43.77387979718961,47.8581183254153,0,0,0,0,0,0,0,0,0,0,1,0,0,0,0,0,0,0
69,HK.09988,2020-03-09 00:00:00,193.5,193.5,198.5,193.5,42.434,0.00265,56936906,11126651004.0,-5.0539744847890145,203.8,0,26.69363611032753,33.5119275094512,41.62422387818111,0,0,0,0,0,0,0,0,0,1,0,0,1,0,0,0,0,0
70,HK.09988,2020-03-10 00:00:00,197.0,199.3,201.0,193.6,43.706,0.00133,28569375,5659658149.0,2.9974160206718405,193.5,1,42.07259923266417,41.88159099300623,45.774540598501325,1,0,0,0,0,0,1,0,0,0,0,0,0,0,0,0,0,0
71,HK.09988,2020-03-11 00:00:00,200.0,197.0,200.4,196.7,43.201,0.00083,17860192,3541240837.0,-1.1540391369794336,199.3,0,38.25368629384339,39.71863835978582,44.46637259298317,0,0,0,0,0,0,0,0,0,1,0,0,0,0,0,0,0,0
72,HK.09988,2020-03-12 00:00:00,192.0,188.8,192.2,187.2,41.403,0.00195,41842108,7939492279.0,-4.1624365482233445,197.0,0,27.553622255579086,33.07509829515678,40.19310127124664,0,0,0,0,0,0,0,0,0,0,0,0,1,0,0,0,0,0
73,HK.09988,2020-03-13 00:00:00,178.8,191.7,194.0,177.0,42.039,0.00248,53292364,9826000501.0,1.5360169491525304,188.8,1,35.24100614151169,37.1321147141985,42.241489637689355,0,0,0,0,0,0,1,0,0,0,0,0,0,0,0,0,0,0
74,HK.09988,2020-03-16 00:00:00,185.0,179.3,185.1,178.0,39.32,0.0022,47207430,8574736900.0,-6.468440271257162,191.7,0,22.817672129909738,28.94685216075898,36.64201301911829,0,0,0,0,0,0,0,0,0,0,0,0,1,1,0,0,0,0
75,HK.09988,2020-03-17 00:00:00,182.0,183.2,185.9,175.0,40.175,0.00172,36872240,6637652712.0,2.1751254880089106,179.3,1,31.880900600158498,33.9429783859368,39.28345798834118,0,0,0,0,0,0,1,1,0,0,0,0,0,0,0,0,0,0
76,HK.09988,2020-03-18 00:00:00,177.8,173.0,181.8,172.8,37.938,0.00273,58603973,10381441963.0,-5.567685589519645,183.2,0,23.295596237132784,28.271208763256496,35.270448807587854,0,0,0,0,0,0,0,0,0,0,0,0,1,1,0,0,0,0
77,HK.09988,2020-03-19 00:00:00,176.1,174.0,176.5,167.6,38.157,0.00161,34599488,5958311139.0,0.5780346820809248,173.0,1,25.651083883542853,29.530591255409647,35.93991887070442,0,0,0,0,0,0,0,0,0,0,0,0,0,0,0,0,0,0
78,HK.09988,2020-03-20 00:00:00,177.0,183.0,183.0,177.0,40.131,0.0013,27899247,5018390033.0,5.172413793103448,174.0,1,44.16796202920158,39.892176658255934,41.61123397357747,1,1,0,0,0,0,1,1,0,0,0,0,0,0,0,0,0,0
79,HK.09988,2020-03-23 00:00:00,172.5,170.0,176.9,170.0,37.28,0.00175,37535058,6480078812.0,-7.103825136612022,183.0,0,30.850158245115736,32.3880551570367,36.71239405397803,0,0,0,0,0,0,0,0,0,1,1,0,0,0,0,0,0,0
80,HK.09988,2020-03-24 00:00:00,173.7,174.5,175.0,170.2,38.267,0.00125,26729551,4628111939.0,2.6470588235294117,170.0,1,38.547097494599015,36.87230477302098,39.293868205849236,1,0,0,0,0,0,0,0,0,0,0,0,0,0,0,0,0,0
81,HK.09988,2020-03-25 00:00:00,181.0,179.7,181.7,177.8,39.407,0.00131,28012053,5027743853.0,2.9799426934097357,174.5,1,46.76393815023841,41.74303004494712,42.139667541797756,0,1,0,0,0,0,0,0,0,0,0,0,0,0,0,0,0,0
82,HK.09988,2020-03-26 00:00:00,181.0,180.9,182.4,178.3,39.671,0.00083,17816738,3220118016.0,0.6677796327212115,179.7,1,48.66474225156175,42.85305610326961,42.78552832271493,0,0,1,0,0,0,0,0,0,0,0,0,0,0,0,0,0,0
83,HK.09988,2020-03-27 00:00:00,186.0,183.9,186.0,182.9,40.328,0.00111,23922455,4412411150.0,1.658374792703151,180.9,1,53.63152854210281,45.67602066705107,44.40443404680061,0,0,0,0,0,0,0,0,0,0,0,0,0,0,0,0,0,0
84,HK.09988,2020-03-30 00:00:00,180.2,180.3,182.1,177.5,39.539,0.00084,18129547,3260759192.0,-1.957585644371938,183.9,0,47.07316325628695,42.90169959288663,42.88498689264882,0,0,0,0,0,0,0,0,0,0,0,0,0,0,0,0,0,0
85,HK.09988,2020-03-31 00:00:00,185.2,183.4,185.7,182.7,40.219,0.00063,13598127,2501430739.0,1.7193566278424814,180.3,1,53.01080355686304,45.98375609130277,44.58871421240548,0,0,0,0,0,0,0,0,0,0,0,0,0,0,0,0,0,0
86,HK.09988,2020-04-01 00:00:00,185.4,184.0,187.4,181.1,40.35,0.00106,22814764,4214464447.0,0.327153762268263,183.4,1,54.20406519083284,46.59244893566935,44.92054175352928,0,0,0,0,0,0,0,0,0,0,0,0,0,0,0,0,0,0
87,HK.09988,2020-04-02 00:00:00,183.2,186.0,186.5,182.2,40.789,0.00057,12304930,2277644390.0,1.0869565217391304,184.0,1,58.42695267441542,48.69478728939184,46.04440340136096,0,0,0,0,0,0,0,0,0,0,0,0,0,0,0,0,0,0
88,HK.09988,2020-04-03 00:00:00,183.5,183.7,184.9,182.6,40.285,0.00043,9290512,1705499825.0,-1.2365591397849522,186.0,0,51.831353999089515,46.40321067814241,44.94394006034036,0,0,0,0,0,0,0,0,0,0,0,0,0,0,0,0,0,0
89,HK.09988,2020-04-06 00:00:00,186.0,188.6,189.7,185.2,41.359,0.00085,18253609,3431759028.0,2.6673924877517723,183.7,1,62.61928346617392,51.68729859258161,47.72156107975172,0,0,0,0,0,0,0,0,0,0,0,0,0,0,0,0,0,0
90,HK.09988,2020-04-07 00:00:00,191.5,191.5,191.7,188.5,41.995,0.00076,16381930,3115543717.0,1.5376458112407243,188.6,1,67.74906768710858,54.57853044719811,49.3011754493697,0,0,0,0,0,0,0,0,0,0,0,0,0,0,0,0,0,0
91,HK.09988,2020-04-08 00:00:00,189.4,190.1,191.5,189.0,41.688,0.00043,9180063,1744973659.0,-0.7310704960835539,191.5,0,62.75972013406117,52.91095386383159,48.562015190189406,0,0,0,0,0,0,0,0,0,0,0,0,0,0,0,0,0,0
92,HK.09988,2020-04-09 00:00:00,191.3,191.7,191.9,189.3,42.039,0.00061,13161858,2510374793.0,0.8416622830089396,190.1,1,66.17589391482792,54.63889170250046,49.46554865548983,0,0,0,0,0,0,0,0,0,0,0,0,0,0,0,0,0,0
93,HK.09988,2020-04-14 00:00:00,194.0,197.0,198.0,194.0,43.201,0.00085,18233007,3585101875.0,2.764736567553475,191.7,1,75.21389573243742,59.949676441824806,52.358147633716214,0,0,0,0,0,0,0,0,0,0,0,0,0,0,0,0,0,0
94,HK.09988,2020-04-15 00:00:00,199.0,197.9,201.2,196.8,43.399,0.00097,20722474,4136142959.0,0.4568527918781755,197.0,1,76.49379698802055,60.79986988420092,52.83650961625363,0,0,0,0,0,0,0,0,0,0,0,0,0,0,0,0,0,0
95,HK.09988,2020-04-16 00:00:00,200.0,202.8,202.8,199.9,44.473,0.00092,19818106,3987061443.0,2.475997978777163,197.9,1,82.42352517201965,65.18892727715368,55.38168746970674,0,0,0,1,0,0,0,0,0,0,0,0,0,0,0,0,0,0
96,HK.09988,2020-04-17 00:00:00,210.0,207.6,211.8,206.2,45.526,0.00156,33397811,6970853930.0,2.3668639053254354,202.8,1,86.44352107146952,68.90900558806672,57.71425765319466,0,0,0,0,0,0,0,0,0,0,0,0,0,0,0,0,0,0
97,HK.09988,2020-04-20 00:00:00,205.4,205.8,207.6,203.4,45.131,0.00107,22875450,4707381790.0,-0.8670520231213791,207.6,0,78.37685330185253,66.02266513718271,56.55728053197698,0,0,0,0,0,0,0,0,0,0,0,0,0,0,0,1,0,0
98,HK.09988,2020-04-21 00:00:00,207.0,204.2,207.8,200.6,44.78,0.00083,17778769,3617090991.0,-0.7774538386783394,205.8,0,71.28160028757667,63.44569280550635,55.52485211237672,0,0,0,0,0,0,0,0,0,0,0,0,0,0,0,0,0,0
99,HK.09988,2020-04-22 00:00:00,201.0,205.6,206.6,200.6,45.087,0.0006,12962733,2647113581.0,0.6856023506366337,204.2,1,73.77443883926196,64.75869455768981,56.25397624877328,0,0,0,0,0,0,0,0,0,0,0,0,0,0,0,0,0,0
100,HK.09988,2020-04-23 00:00:00,204.4,204.4,205.2,202.4,44.824,0.00076,16359183,3336824002.0,-0.5836575875486326,205.6,0,67.72752758593057,62.65433641706221,55.44104817325139,0,0,0,0,0,0,0,0,0,0,0,0,0,0,0,0,0,0
101,HK.09988,2020-04-24 00:00:00,198.6,198.0,200.6,197.3,43.421,0.00112,23966198,4761095408.0,-3.1311154598825857,204.4,0,44.42387164498659,52.692147819689325,51.31419910336093,0,0,0,0,0,0,0,0,0,1,1,0,0,0,0,0,0,0
102,HK.09988,2020-04-27 00:00:00,198.5,200.6,202.4,198.5,43.991,0.00065,13936896,2796341140.0,1.3131313131313103,198.0,1,52.40705394616479,55.80634080217669,52.80347099689748,0,0,0,0,0,0,0,0,0,0,0,0,0,0,0,0,0,0
103,HK.09988,2020-04-28 00:00:00,198.0,199.0,199.2,196.3,43.64,0.00093,19944823,3951671874.0,-0.7976071784646034,200.6,0,47.38107621821977,53.44450060656641,51.78624801868611,0,0,0,0,0,0,0,0,0,0,0,0,0,0,0,0,0,0
104,HK.09988,2020-04-29 00:00:00,196.5,197.0,197.9,196.5,43.201,0.00069,14850119,2927529397.0,-1.0050251256281406,199.0,0,41.42230952291705,50.528409017132326,50.516891185213936,0,0,0,0,0,0,0,0,0,0,0,0,0,0,0,0,0,0
105,HK.09988,2020-05-04 00:00:00,189.8,189.7,189.9,188.2,41.6,0.00125,26903568,5093926432.0,-3.7055837563451837,197.0,0,26.709593564426186,41.509959612071114,46.20348567039593,0,0,0,0,0,0,0,0,0,0,0,1,1,0,0,0,0,0
106,HK.09988,2020-05-05 00:00:00,187.7,188.5,189.2,186.9,41.337,0.00126,27110375,5096035902.0,-0.6325777543489661,189.7,0,24.960731784605514,40.222561348955935,45.53654751363034,0,0,0,0,0,0,0,0,0,0,0,0,0,0,0,0,0,0
107,HK.09988,2020-05-06 00:00:00,189.9,193.6,195.6,189.5,42.456,0.00107,23022901,4446536870.0,2.7055702917771853,188.5,1,43.74581814802578,47.73754296503955,48.813276272343856,0,0,0,0,0,0,1,0,0,0,0,0,0,0,0,0,0,0
108,HK.09988,2020-05-07 00:00:00,189.9,190.5,190.9,189.5,41.776,0.00096,20506910,3901364742.0,-1.6012396694214848,193.6,0,36.99126592486549,44.064238178091095,47.01902259472145,0,0,0,0,0,0,0,0,0,0,0,0,0,0,0,0,0,0
109,HK.09988,2020-05-08 00:00:00,192.5,193.4,194.8,191.6,42.412,0.00083,17851592,3456453226.0,1.5223097112860922,190.5,1,46.299291835288884,48.13691643510454,48.854189881348645,0,0,0,0,0,0,0,0,0,0,0,0,0,0,0,0,0,0
110,HK.09988,2020-05-11 00:00:00,196.9,198.7,199.5,196.5,43.574,0.00092,19839300,3937522789.0,2.740434332988616,193.4,1,59.43988854532471,54.71119151900467,52.02336853745168,1,1,1,0,0,0,0,0,0,0,0,0,0,0,0,0,0,0
111,HK.09988,2020-05-12 00:00:00,198.9,199.7,199.7,197.2,43.793,0.00065,14037259,2790595183.0,0.5032712632108707,198.7,1,61.56911027389359,55.86280556371164,52.60160810216773,0,0,0,0,0,0,0,0,0,0,0,0,0,0,0,0,0,0
112,HK.09988,2020-05-13 00:00:00,195.5,196.3,197.4,194.3,43.048,0.00121,26074457,5112304497.0,-1.7025538307461077,199.7,0,50.708326018620475,51.04816701867294,50.444584372747556,0,0,0,0,0,0,0,0,0,1,0,0,0,0,0,0,0,0
113,HK.09988,2020-05-14 00:00:00,194.5,194.5,195.9,194.1,42.653,0.0009,19248894,3749540377.0,-0.9169638308711213,196.3,0,45.59831393203663,48.62765936651219,49.3271578180249,0,0,0,0,0,0,0,0,0,0,1,1,0,0,0,0,0,0
114,HK.09988,2020-05-15 00:00:00,195.0,196.9,197.1,194.1,43.179,0.00078,16672799,3267430447.0,1.2339331619537304,194.5,1,53.151921510463886,51.942158184649564,50.84218069526787,1,1,1,0,0,0,0,0,0,0,0,0,0,0,0,0,0,0
115,HK.09988,2020-05-18 00:00:00,198.3,203.0,203.0,197.4,44.517,0.00125,26818890,5405898386.0,3.0980192991366144,196.9,1,67.08925319281157,59.2348051730541,54.45377001896981,0,0,0,0,0,0,0,0,0,0,0,0,0,0,0,0,0,0
116,HK.09988,2020-05-19 00:00:00,210.0,209.8,211.8,205.6,46.008,0.00211,45308325,9454817732.0,3.3497536945812865,203.0,1,76.45815477401396,65.58560847195804,58.039738143607224,0,0,0,0,0,0,0,0,0,0,0,0,0,0,0,0,0,0
117,HK.09988,2020-05-20 00:00:00,211.0,211.0,211.6,208.6,46.271,0.00105,22533385,4735067369.0,0.571973307912292,209.8,1,77.79666801396374,66.58769779413514,58.63938657280945,0,0,0,0,0,0,0,0,0,0,0,0,0,0,0,0,0,0
118,HK.09988,2020-05-21 00:00:00,209.4,206.2,209.6,205.6,45.219,0.00108,23271613,4822053672.0,-2.274881516587683,211.0,0,61.11705930289913,59.080788409232035,55.338509399464314,0,0,0,0,0,0,0,0,0,0,0,0,0,0,0,0,0,0
119,HK.09988,2020-05-22 00:00:00,205.0,198.2,205.0,196.0,26.068,0.00187,40226609,8012203848.0,-3.87972841901067,206.2,0,42.775095119106496,49.030648230638995,50.404071163899765,0,0,0,0,0,0,0,0,0,1,1,1,0,0,0,0,0,0
120,HK.09988,2020-05-25 00:00:00,193.7,198.2,199.6,190.3,26.068,0.00187,40103124,7821602801.0,0.0,198.2,0,42.775095119106496,49.030648230638995,50.404071163899765,0,0,0,0,0,0,0,0,0,0,0,0,0,0,0,0,0,0
121,HK.09988,2020-05-26 00:00:00,200.0,201.0,203.2,200.0,26.436,0.00125,26834881,5416027399.0,1.4127144298688252,198.2,1,50.29352108759466,52.403128453745694,52.0340362108745,0,0,1,0,0,0,0,0,0,0,0,0,0,0,0,0,0,0
122,HK.09988,2020-05-27 00:00:00,198.9,197.3,199.6,196.1,25.95,0.00154,33136407,6548476863.0,-1.8407960199004918,201.0,0,41.62209175287826,47.839990106569395,49.77824478922472,0,0,0,0,0,0,0,0,0,0,0,1,0,0,0,0,0,0
123,HK.09988,2020-05-28 00:00:00,195.4,193.5,196.5,191.5,25.45,0.00144,30919109,6005725353.0,-1.9260010136847496,197.3,0,34.32773617985184,43.58754011914455,47.56823721654001,0,0,0,0,0,0,0,0,0,0,0,0,0,0,0,0,0,0
124,HK.09988,2020-05-29 00:00:00,193.0,194.3,196.3,192.0,25.555,0.00091,19459191,3787995192.0,0.4134366925064658,193.5,1,37.11204950177867,44.71614367525916,48.07467165435074,0,0,0,0,0,0,0,0,0,0,0,0,0,0,0,0,0,0
125,HK.09988,2020-06-01 00:00:00,200.0,202.8,204.0,200.0,26.673,0.00125,26826195,5433910737.0,4.374678332475553,194.3,1,59.17859173722501,55.12276919391808,53.09738269657849,1,1,1,0,0,0,0,0,0,0,0,0,0,0,0,0,0,0
126,HK.09988,2020-06-02 00:00:00,201.6,200.0,201.8,199.5,26.305,0.00106,22818103,4574799209.0,-1.3806706114398477,202.8,0,51.97015329762002,51.63021467263488,51.38874697386956,0,0,0,0,0,0,0,0,0,0,0,0,0,0,0,0,0,0
127,HK.09988,2020-06-03 00:00:00,208.0,209.6,209.8,206.8,27.568,0.00181,38794267,8085784227.0,4.799999999999997,200.0,1,68.0047126730422,60.89691212423518,56.40738525106797,0,0,0,0,0,0,0,0,0,0,0,0,0,0,0,0,0,0
128,HK.09988,2020-06-04 00:00:00,213.0,211.0,213.0,207.4,27.752,0.00107,22860283,4803200381.0,0.6679389312977126,209.6,1,69.77079369187291,62.05347228826615,57.081652826705884,0,0,0,0,0,0,0,0,0,0,0,0,0,0,0,0,0,0
129,HK.09988,2020-06-05 00:00:00,212.0,212.2,213.6,209.4,27.91,0.00104,22415326,4747813114.0,0.568720379146914,211.0,1,71.39485782560473,63.07470088824088,57.667294533010725,0,0,0,0,0,0,0,0,0,0,0,0,0,0,0,0,0,0
130,HK.09988,2020-06-08 00:00:00,214.6,212.4,214.6,210.8,27.936,0.00084,17992461,3820890251.0,0.09425070688030965,212.2,1,71.69895258473065,63.254502000920695,57.76751761959554,0,0,0,0,0,0,0,0,0,0,0,0,0,0,0,0,0,0
131,HK.09988,2020-06-09 00:00:00,212.8,212.4,214.6,211.6,27.936,0.00107,23063431,4923939771.0,0.0,212.4,0,71.69895258473065,63.2545020009207,57.76751761959554,0,0,0,0,0,0,0,0,0,0,0,0,0,0,0,0,0,0
132,HK.09988,2020-06-10 00:00:00,214.2,215.6,216.8,213.8,28.357,0.00089,19038860,4106913929.0,1.5065913370998063,212.4,1,77.26701160189225,66.37239623531809,59.44042515245244,0,0,0,0,0,0,0,0,0,0,0,0,0,0,0,0,0,0
133,HK.09988,2020-06-11 00:00:00,218.0,213.0,220.6,211.8,28.015,0.00154,33036598,7170604189.0,-1.205936920222632,215.6,0,64.83081887627375,61.72976891210419,57.50904287391495,0,0,0,0,0,0,0,0,0,0,0,0,0,0,0,0,0,0
134,HK.09988,2020-06-12 00:00:00,208.2,212.0,214.0,207.4,27.883,0.00117,25058536,5304963065.0,-0.4694835680751174,213.0,0,60.34787589890103,59.96972463503316,56.76874637304843,0,0,0,0,0,0,0,0,0,0,0,0,0,0,0,0,0,0
135,HK.09988,2020-06-15 00:00:00,209.8,206.8,212.4,205.4,27.199,0.00148,31716109,6621760870.0,-2.45283018867924,212.0,0,42.157515444582835,51.620551171369314,53.06242239969863,0,0,0,0,0,0,0,0,0,1,1,1,0,0,0,0,0,0
136,HK.09988,2020-06-16 00:00:00,211.2,213.2,214.4,211.0,28.041,0.00084,18039173,3843338219.0,3.0947775628626584,206.8,1,59.97562860120595,59.23981138193635,56.693589996436415,1,1,1,0,0,0,0,0,0,0,0,0,0,0,0,0,0,0
137,HK.09988,2020-06-17 00:00:00,216.0,217.8,218.4,214.2,28.646,0.001,21385682,4641106088.0,2.1575984990619244,213.2,1,68.37740903259251,63.71990164227985,59.06848650405302,0,0,0,0,0,0,0,0,0,0,0,0,0,0,0,0,0,0
138,HK.09988,2020-06-18 00:00:00,218.8,217.8,218.8,215.2,28.646,0.00075,16168952,3508457243.0,0.0,217.8,0,68.37740903259251,63.71990164227985,59.06848650405301,0,0,0,0,0,0,0,0,0,0,0,0,0,0,0,0,0,0
139,HK.09988,2020-06-19 00:00:00,217.0,219.0,219.8,216.2,28.804,0.00127,27295880,5963502386.0,0.5509641873278184,217.8,1,70.68876498131584,64.91704798837742,59.696295731823234,0,0,0,0,0,0,0,0,0,0,0,0,0,0,0,0,0,0
140,HK.09988,2020-06-22 00:00:00,216.2,213.0,216.2,212.6,28.015,0.00131,28166629,6034961256.0,-2.73972602739726,219.0,0,49.13884796158478,55.01512667124724,55.27309088865145,0,0,0,0,0,0,0,0,0,1,1,1,0,0,0,0,0,0
141,HK.09988,2020-06-23 00:00:00,216.0,220.0,220.0,212.0,28.935,0.00188,40290287,8751727916.0,3.286384976525822,213.0,1,64.3529626305697,62.32837630541228,58.973770361966245,1,1,1,0,0,0,0,0,0,0,0,0,0,0,0,0,0,0
142,HK.09988,2020-06-24 00:00:00,222.8,221.4,224.8,221.4,29.12,0.00141,30207600,6733812318.0,0.636363636363639,220.0,1,66.74069118712939,63.61882049894689,59.67016029047094,0,0,0,0,0,0,0,0,0,0,0,0,0,0,0,0,0,0
143,HK.09988,2020-06-26 00:00:00,217.0,214.6,217.0,214.4,28.225,0.00155,33158894,7148083315.0,-3.0713640469738084,221.4,0,48.00064340475215,53.84546953171973,54.943328744157256,0,0,0,0,0,0,0,0,0,1,1,1,0,0,0,0,0,0
144,HK.09988,2020-06-29 00:00:00,211.0,209.4,211.6,208.6,27.541,0.00158,33824007,7101463811.0,-2.423112767940349,214.6,0,38.16647354586373,47.7287204519304,51.676800805533595,0,0,0,0,0,0,0,0,0,0,0,0,0,0,0,0,0,0
145,HK.09988,2020-06-30 00:00:00,210.6,209.6,212.2,208.4,27.568,0.00113,24171917,5079256128.0,0.09551098376312732,209.4,1,38.74568247729005,47.97668223778561,51.79182842371547,0,0,0,0,0,0,0,0,0,0,0,0,0,0,0,0,0,0
146,HK.09988,2020-07-02 00:00:00,211.8,214.4,215.0,210.2,28.199,0.00145,31018228,6615651264.0,2.290076335877868,209.6,1,51.75975510478279,53.72414161271025,54.50398320871466,0,0,0,0,0,0,0,0,0,0,0,0,0,0,0,0,0,0
147,HK.09988,2020-07-03 00:00:00,220.0,220.8,221.4,217.2,29.041,0.00146,31233712,6866483138.0,2.9850746268656745,214.4,1,63.99808394139196,60.13094128108706,57.806616163993525,1,1,1,0,0,0,0,0,0,0,0,0,0,0,0,0,0,0
148,HK.09988,2020-07-06 00:00:00,224.0,225.4,226.8,223.0,29.646,0.00198,42489587,9565812073.0,2.083333333333331,220.8,1,70.4614761006153,64.03513626225393,59.98517417505216,0,0,0,0,0,0,0,0,0,0,0,0,0,0,0,0,0,0
149,HK.09988,2020-07-07 00:00:00,233.2,232.4,239.0,232.0,30.566,0.00217,46585757,10976670178.0,3.1055900621118013,225.4,1,77.75438467933762,69.06418503096405,63.017298591270574,0,0,0,0,0,0,0,0,0,0,0,0,0,0,0,0,0,0
150,HK.09988,2020-07-08 00:00:00,231.0,237.8,238.6,231.0,31.277,0.00149,31883443,7525714270.0,2.3235800344234105,232.4,1,81.8928478701274,72.32132891226247,65.14342888288883,0,0,0,1,0,0,0,0,0,0,0,0,0,0,0,0,0,0
151,HK.09988,2020-07-09 00:00:00,254.8,261.6,263.8,252.0,34.407,0.00287,61690256,15896897807.0,10.00841042893188,237.8,1,90.873036204294,81.62386428077463,72.43227491059557,0,0,0,0,1,0,0,0,0,0,0,0,0,0,0,0,0,0
152,HK.09988,2020-07-10 00:00:00,257.0,255.4,262.0,253.0,33.592,0.00207,44519242,11429206656.0,-2.3700305810397615,261.6,0,78.67553237069444,74.50748192146824,68.53649730621981,0,0,0,0,0,0,0,0,0,0,0,0,0,0,0,1,1,0
153,HK.09988,2020-07-13 00:00:00,254.0,254.4,258.4,251.2,33.46,0.00144,30979669,7896896064.0,-0.39154267815191857,255.4,0,76.68336133052433,73.381770225004,67.92165743568633,0,0,0,0,0,0,0,0,0,0,0,0,0,0,0,0,0,0
154,HK.09988,2020-07-14 00:00:00,244.4,240.4,246.4,238.4,31.619,0.0025,53646972,12924583705.0,-5.50314465408805,254.4,0,53.79783102239358,59.62356383107763,60.05162819962933,0,0,0,0,0,0,0,0,0,1,1,1,0,0,0,0,0,0
155,HK.09988,2020-07-15 00:00:00,244.0,243.4,245.2,239.0,32.013,0.00108,23131222,5619625834.0,1.2479201331114809,240.4,1,57.09077945431341,61.318894032536896,61.06049792378215,0,0,1,0,0,0,0,0,0,0,0,0,0,0,0,0,0,0
156,HK.09988,2020-07-16 00:00:00,242.8,233.2,242.8,231.6,30.672,0.0016,34282035,8078911546.0,-4.190632703368947,243.4,0,44.229257181300675,53.056063957708126,56.0394730631924,0,0,0,0,0,0,0,0,0,0,0,1,0,0,0,0,0,0
157,HK.09988,2020-07-17 00:00:00,235.4,238.8,240.6,233.4,31.408,0.00094,20224245,4824925245.0,2.4013722126929773,233.2,1,51.43702498059442,56.56182637837998,58.01723636892545,0,0,0,0,0,0,0,0,0,0,0,0,0,0,0,0,0,0
158,HK.09988,2020-07-20 00:00:00,238.0,239.6,241.8,235.2,31.513,0.00053,11353749,2722802020.0,0.3350083752093731,238.8,1,52.48963128114439,57.06156135859485,58.29691863935058,0,0,0,0,0,0,0,0,0,0,0,0,0,0,0,0,0,0
159,HK.09988,2020-07-21 00:00:00,251.8,257.0,257.6,250.8,33.802,0.00211,45185546,11501209014.0,7.262103505843075,239.6,1,69.65588845378164,66.2691065674453,63.77408512354048,1,1,1,0,0,0,0,0,0,0,0,0,0,0,0,0,0,0
160,HK.09988,2020-07-22 00:00:00,251.4,248.0,254.8,247.6,32.618,0.0017,36503672,9180126163.0,-3.501945525291829,257.0,0,56.896082124210444,59.1161501747954,59.55260065943754,0,0,0,0,0,0,0,0,0,1,1,1,0,0,0,0,0,0
161,HK.09988,2020-07-23 00:00:00,245.0,246.6,248.0,242.0,32.434,0.00145,31183903,7670621903.0,-0.5645161290322603,248.0,0,55.01488951401623,58.05281102736057,58.91953435836416,0,0,0,0,0,0,0,0,0,0,0,0,0,0,0,0,0,0
162,HK.09988,2020-07-24 00:00:00,244.2,239.0,244.4,237.2,31.434,0.00128,27470849,6595339176.0,-3.081914030819138,246.6,0,45.26535953318355,52.46421223071689,55.57310189392952,0,0,0,0,0,0,0,0,0,0,0,0,0,0,0,0,0,0
163,HK.09988,2020-07-27 00:00:00,240.8,239.0,244.2,235.6,31.434,0.00085,18243796,4369419976.0,0.0,239.0,0,45.26535953318354,52.46421223071689,55.57310189392952,0,0,0,0,0,0,0,0,0,0,0,0,0,0,0,0,0,0
164,HK.09988,2020-07-28 00:00:00,244.0,244.6,245.6,242.8,32.171,0.00068,14674368,3588968903.0,2.343096234309621,239.0,1,53.92845562095671,56.1646704991642,57.509334537374464,0,0,0,0,0,0,0,0,0,0,0,0,0,0,0,0,0,0
165,HK.09988,2020-07-29 00:00:00,242.2,243.0,244.0,241.2,31.961,0.00049,10549764,2560835321.0,-0.6541291905151244,244.6,0,51.15263090196429,54.83419523131221,56.771670551072795,0,0,0,0,0,0,0,0,0,0,0,0,0,0,0,0,0,0
166,HK.09988,2020-07-30 00:00:00,246.0,244.8,249.6,243.4,32.197,0.00101,21715110,5362170243.0,0.7407407407407455,243.0,1,54.326384563559834,56.110188517552466,57.41293021984956,0,0,0,0,0,0,0,0,0,0,0,0,0,0,0,0,0,0
167,HK.09988,2020-07-31 00:00:00,249.0,246.0,249.0,245.0,32.355,0.00068,14687907,3628134990.0,0.49019607843136787,244.8,1,56.583119935384296,56.99381127927301,57.84791759754906,0,0,0,0,0,0,0,0,0,0,0,0,0,0,0,0,0,0
168,HK.09988,2020-08-03 00:00:00,244.8,245.6,246.6,243.4,32.303,0.00085,18274346,4483790231.0,-0.1626016260162625,246.0,0,55.48648407613598,56.57959201134292,57.643127673987784,0,0,0,0,0,0,0,0,0,0,0,0,0,0,0,0,0,0
169,HK.09988,2020-08-04 00:00:00,250.8,253.8,255.0,250.4,33.381,0.00116,24914559,6311001118.0,3.3387622149837206,245.6,1,69.85755509210833,62.65021334943214,60.6249338961978,1,1,1,0,0,0,0,0,0,0,0,0,0,0,0,0,0,0
170,HK.09988,2020-08-05 00:00:00,255.8,255.8,256.0,252.0,33.644,0.00084,18116054,4617249502.0,0.7880220646178092,253.8,1,72.45987417444553,63.98979604725289,61.31798329308941,0,0,0,0,0,0,0,0,0,0,0,0,0,0,0,0,0,0
171,HK.09988,2020-08-06 00:00:00,257.0,257.0,257.8,253.2,33.802,0.00074,15966937,4079735543.0,0.46911649726348265,255.8,1,74.07159692544259,64.81577541579861,61.73960887681502,0,0,0,0,0,0,0,0,0,0,0,0,0,0,0,0,0,0
172,HK.09988,2020-08-07 00:00:00,256.0,249.2,256.2,240.6,32.776,0.00169,36237559,8999484090.0,-3.0350194552529226,257.0,0,50.8566840194468,55.74846561128901,57.489471883707466,0,0,0,0,0,0,0,0,0,1,1,1,0,0,0,0,0,0
173,HK.09988,2020-08-10 00:00:00,244.8,242.4,244.8,240.4,31.882,0.00121,26039892,6316686647.0,-2.7287319422150813,249.2,0,38.29924408910935,49.20231302587619,54.10145390029472,0,0,0,0,0,0,0,0,0,0,0,0,0,0,0,0,0,0
174,HK.09988,2020-08-11 00:00:00,242.0,244.0,246.8,241.6,32.092,0.00078,16702416,4081411473.0,0.6600660066006577,242.4,1,42.32054466748964,50.688591686251975,54.75610789375898,0,0,0,0,0,0,0,0,0,0,0,0,0,0,0,0,0,0
175,HK.09988,2020-08-12 00:00:00,242.2,243.4,244.6,238.0,32.013,0.00074,15796928,3817896100.0,-0.24590163934426,244.0,0,41.11471531080987,50.08905062314815,54.45219929274197,0,0,0,0,0,0,0,0,0,0,0,0,0,0,0,0,0,0
176,HK.09988,2020-08-13 00:00:00,247.8,248.2,251.0,246.2,32.645,0.00058,12489234,3101672580.0,1.9720624486442,243.4,1,53.76217341036017,54.759070953890664,56.46908642500767,0,0,0,0,0,0,0,0,0,0,0,0,0,0,0,0,0,0
177,HK.09988,2020-08-14 00:00:00,246.2,246.8,248.8,244.4,32.46,0.00059,12607886,3113579750.0,-0.564061240934721,248.2,0,50.003255874381175,53.17595191209905,55.71818769562649,0,0,0,0,0,0,0,0,0,0,0,0,0,0,0,0,0,0
178,HK.09988,2020-08-17 00:00:00,242.6,242.8,246.6,241.2,31.934,0.00097,20853111,5079606007.0,-1.6207455429497568,246.8,0,40.33440544480836,48.780307510229214,53.593485946324776,0,0,0,0,0,0,0,0,0,0,0,0,0,0,0,0,0,0
179,HK.09988,2020-08-18 00:00:00,249.4,252.0,252.6,247.6,33.144,0.00108,23158760,5792981325.0,3.78912685337726,242.8,1,61.09659821560666,57.57877243972568,57.48447313214281,1,1,1,0,0,0,0,0,0,0,0,0,0,0,0,0,0,0
180,HK.09988,2020-08-19 00:00:00,252.0,255.4,256.0,251.0,33.592,0.00071,15227171,3875288324.0,1.3492063492063515,252.0,1,66.29755236064085,60.32636057921425,58.8161008047471,0,0,0,0,0,0,0,0,0,0,0,0,0,0,0,0,0,0
181,HK.09988,2020-08-20 00:00:00,254.0,255.0,255.8,250.4,33.539,0.00107,22881516,5796326521.0,-0.15661707126076962,255.4,0,65.06944906654431,59.82902450905919,58.59081735758738,0,0,0,0,0,0,0,0,0,0,0,0,0,0,0,0,0,0
182,HK.09988,2020-08-21 00:00:00,251.8,252.8,258.6,250.6,33.25,0.00149,32079272,8158819307.0,-0.8627450980392113,255.0,0,57.98076998677111,57.00909513819371,57.3305427058375,0,0,0,0,0,0,0,0,0,0,0,1,0,0,0,0,0,0
183,HK.09988,2020-08-24 00:00:00,261.0,264.4,266.0,259.2,34.775,0.00203,43488850,11431948544.0,4.588607594936695,252.8,1,75.12616485892983,66.1785314664109,61.84593208575319,0,0,1,0,0,0,0,0,0,0,0,0,0,0,0,0,0,0
184,HK.09988,2020-08-25 00:00:00,270.0,269.2,274.4,266.6,35.407,0.00143,30708120,8315663515.0,1.8154311649016688,264.4,1,79.3168142581569,69.14888864504573,63.51310868154608,0,0,0,0,0,0,0,0,0,0,0,0,0,0,0,0,0,0
185,HK.09988,2020-08-26 00:00:00,279.8,280.4,280.4,276.8,36.88,0.00149,31949336,8913609882.0,4.160475482912329,269.2,1,85.94637722649283,74.78564670474972,67.02167391376332,0,0,0,1,0,0,0,0,0,0,0,0,0,0,0,0,0,0
186,HK.09988,2020-08-27 00:00:00,282.6,280.6,284.0,278.0,36.906,0.00131,28072548,7901575149.0,0.07132667617690638,280.4,1,86.0422457929086,74.87507273007547,67.08065859124662,0,0,0,0,0,0,0,0,0,0,0,0,0,0,0,0,0,0
187,HK.09988,2020-08-28 00:00:00,277.0,277.0,279.6,275.2,36.432,0.00138,29542320,8204484945.0,-1.2829650748396375,280.6,0,74.99233951206297,70.00006190228495,64.90037144529023,0,0,0,0,0,0,0,0,0,0,0,0,0,0,0,1,0,0
188,HK.09988,2020-08-31 00:00:00,282.8,282.8,287.6,281.0,37.195,0.00125,26933353,7672605677.0,2.0938628158844805,277.0,1,79.96641405589963,73.08054381591694,66.71891120578351,0,0,0,0,0,0,0,0,0,0,0,0,0,0,0,0,0,0
189,HK.09988,2020-09-01 00:00:00,279.0,282.8,285.4,278.2,37.195,0.00112,24207208,6827407275.0,0.0,282.8,0,79.96641405589963,73.08054381591694,66.71891120578351,0,0,0,0,0,0,0,0,0,0,0,0,0,0,0,0,0,0
190,HK.09988,2020-09-02 00:00:00,290.0,291.2,292.0,287.4,38.63,0.00114,24662027,7149828845.0,2.9702970297029623,282.8,1,85.84012364974352,77.12838568189103,69.23269456608804,0,0,0,1,0,0,0,0,0,0,0,0,0,0,0,0,0,0
191,HK.09988,2020-09-03 00:00:00,287.8,284.2,289.2,283.4,37.702,0.00134,28987875,8292935672.0,-2.403846153846154,291.2,0,66.378425801746,67.85296904765895,64.96575058331936,0,0,0,0,0,0,0,0,0,1,0,0,0,0,0,1,0,0
192,HK.09988,2020-09-04 00:00:00,268.0,274.0,275.4,265.2,36.349,0.00364,78861798,21490059248.0,-3.589021815622797,284.2,0,47.53414846703687,56.96350340084074,59.39936781702971,0,0,0,0,0,0,0,0,0,0,1,1,0,0,0,0,0,0
193,HK.09988,2020-09-07 00:00:00,271.2,265.6,274.6,265.4,35.234,0.00219,47493625,12878180490.0,-3.065693430656926,274.0,0,37.12005427469814,49.7854335245334,55.3257661202458,0,0,0,0,0,0,0,0,0,0,0,0,0,0,0,0,0,0
194,HK.09988,2020-09-08 00:00:00,270.0,269.6,271.8,262.2,35.765,0.00128,27608738,7384451840.0,1.506024096385542,265.6,1,44.116268966866336,52.87055708585723,56.79796032037831,0,0,0,0,0,0,0,0,0,0,0,0,0,0,0,0,0,0
195,HK.09988,2020-09-09 00:00:00,262.0,263.2,264.6,258.6,34.916,0.00125,27066740,7086766586.0,-2.3738872403560958,269.6,0,36.35082234473412,47.749919578998544,53.835968158902304,0,0,0,0,0,0,0,0,0,0,0,0,0,0,0,0,0,0
196,HK.09988,2020-09-10 00:00:00,266.8,262.6,268.0,262.0,34.836,0.00118,25531787,6781491107.0,-0.22796352583585333,263.2,0,35.64496270512427,47.281578821790475,53.56271297284984,0,0,0,0,0,0,0,0,0,0,0,0,0,0,0,0,0,0
197,HK.09988,2020-09-11 00:00:00,263.4,266.0,267.0,260.8,35.287,0.00096,20757663,5483130633.0,1.294744859101286,262.6,1,43.15138374628337,50.295299500881896,54.91581692494136,0,0,0,0,0,0,0,0,0,0,0,0,0,0,0,0,0,0
198,HK.09988,2020-09-14 00:00:00,266.8,268.2,268.6,264.0,35.579,0.00074,16063671,4291080634.0,0.8270676691729281,266.0,1,47.87247594155651,52.22322291254939,55.785686967295064,0,0,0,0,0,0,0,0,0,0,0,0,0,0,0,0,0,0
199,HK.09988,2020-09-15 00:00:00,268.0,267.4,269.6,266.2,35.473,0.00091,19666515,5271527041.0,-0.29828486204325555,268.2,0,46.198314754656614,51.431851528652565,55.38023846268189,0,0,0,0,0,0,0,0,0,0,0,0,0,0,0,0,0,0
200,HK.09988,2020-09-16 00:00:00,269.8,273.0,273.0,269.2,36.216,0.00097,20927130,5679417751.0,2.094240837696344,267.4,1,58.41443441657585,56.46917843701547,57.62958850343713,1,1,0,0,0,0,0,0,0,0,0,0,0,0,0,0,0,0
201,HK.09988,2020-09-17 00:00:00,270.8,267.8,271.6,265.6,35.526,0.00089,19364862,5187765056.0,-1.9047619047619007,273.0,0,46.61936903147306,51.10038563114677,54.94571318068411,0,0,0,0,0,0,0,0,0,1,1,0,0,0,0,0,0,0
202,HK.09988,2020-09-18 00:00:00,266.6,269.6,269.6,264.4,35.765,0.00097,20935638,5608151516.0,0.6721433905899967,267.8,1,50.750179211568245,52.79515073141456,55.691063955978386,0,0,0,0,0,0,0,0,0,0,0,0,0,0,0,0,0,0
203,HK.09988,2020-09-21 00:00:00,267.0,262.0,268.2,262.0,34.757,0.00097,20930001,5559122667.0,-2.818991097922857,269.6,0,36.45638628414112,45.52730545353521,51.90767771221366,0,0,0,0,0,0,0,0,0,0,0,0,0,0,0,0,0,0
204,HK.09988,2020-09-22 00:00:00,267.0,264.8,267.0,262.4,35.128,0.00076,16372015,4341925779.0,1.0687022900763403,262.0,1,43.49262729040027,48.38315980118891,53.13173539298778,0,0,0,0,0,0,0,0,0,0,0,0,0,0,0,0,0,0
205,HK.09988,2020-09-23 00:00:00,266.8,267.0,269.2,264.8,35.42,0.00094,20296916,5436694780.0,0.8308157099697842,264.8,1,48.834481957886666,50.60294750485151,54.08977531756807,0,0,0,0,0,0,0,0,0,0,0,0,0,0,0,0,0,0
206,HK.09988,2020-09-24 00:00:00,264.0,261.0,265.4,261.0,34.624,0.00076,16462927,4320316470.0,-2.247191011235955,267.0,0,37.295790001835435,44.86279438000308,51.11622376295854,0,0,0,0,0,0,0,0,0,0,0,0,0,0,0,0,0,0
207,HK.09988,2020-09-25 00:00:00,264.4,258.0,264.4,255.4,34.226,0.00071,15319675,3979294977.0,-1.1494252873563218,261.0,0,32.66491762839051,42.24870954800219,49.69097324320481,0,0,0,0,0,0,0,0,0,0,0,0,0,0,0,0,0,0
208,HK.09988,2020-09-28 00:00:00,262.0,263.4,264.6,261.2,34.942,0.00055,11818697,3114018882.0,2.0930232558139448,258.0,1,46.90494508454193,48.17807187479558,52.19457660022428,0,0,0,0,0,0,0,0,0,0,0,0,0,0,0,0,0,0
209,HK.09988,2020-09-29 00:00:00,268.2,265.4,270.0,265.4,35.208,0.00077,16607941,4451841614.0,0.7593014426727411,263.4,1,51.46664993969604,50.24217997588683,53.096652520799516,1,0,0,0,0,0,0,0,0,0,0,0,0,0,0,0,0,0
210,HK.09988,2020-09-30 00:00:00,269.4,275.6,276.0,268.8,36.561,0.00163,35325185,9671374120.0,3.8432554634514116,265.4,1,68.19163849154732,59.26845379912913,57.37686109279682,0,1,1,0,0,0,0,0,0,0,0,0,0,0,0,0,0,0
211,HK.09988,2020-10-05 00:00:00,285.0,282.0,285.0,278.6,37.41,0.00117,25233089,7104519506.0,2.322206095790993,275.6,1,74.7446388387882,63.767438907010096,59.7799346936439,0,0,0,0,0,0,0,0,0,0,0,0,0,0,0,0,0,0
212,HK.09988,2020-10-06 00:00:00,279.8,280.0,281.2,277.4,37.145,0.00083,18023022,5042914323.0,-0.7092198581560284,282.0,0,69.38430999087157,61.453412833029454,58.700742817510005,0,0,0,0,0,0,0,0,0,0,0,0,0,0,0,0,0,0
213,HK.09988,2020-10-07 00:00:00,283.8,288.2,289.0,282.6,38.232,0.001,21555736,6180850470.0,2.9285714285714244,280.0,1,77.36930134896998,66.83618688478654,61.66177099873944,0,0,0,0,0,0,0,0,0,0,0,0,0,0,0,0,0,0
214,HK.09988,2020-10-08 00:00:00,289.8,289.6,289.8,285.2,38.418,0.00079,17175080,4950003160.0,0.4857737682165282,288.2,1,78.51723303896031,67.6768776331785,62.14529469095951,0,0,0,0,0,0,0,0,0,0,0,0,0,0,0,0,0,0
215,HK.09988,2020-10-09 00:00:00,291.0,286.2,293.0,283.8,37.967,0.00103,22209544,6415637279.0,-1.1740331491712825,289.6,0,68.40518279538922,63.41773689437177,60.22058613414017,0,0,0,0,0,0,0,0,0,0,0,0,0,0,0,0,0,0
216,HK.09988,2020-10-12 00:00:00,288.0,292.0,293.0,287.6,38.737,0.0007,15212791,4435100158.0,2.02655485674354,286.2,1,74.99689814424015,67.25296578620647,62.29904556708342,0,0,0,0,0,0,0,0,0,0,0,0,0,0,0,0,0,0
217,HK.09988,2020-10-14 00:00:00,298.0,297.6,298.0,294.6,39.479,0.00128,27640402,8197627652.0,1.9178082191780899,292.0,1,79.86424048460118,70.50947166789055,64.1844240705708,0,0,0,0,0,0,0,0,0,0,0,0,0,0,0,0,0,0
218,HK.09988,2020-10-15 00:00:00,290.4,284.8,291.0,284.2,37.781,0.00124,26871063,7735200069.0,-4.3010752688172085,297.6,0,52.06441019984086,56.49955830702545,57.34461194604096,0,0,0,0,0,0,0,0,0,1,1,1,0,0,0,0,0,0
219,HK.09988,2020-10-16 00:00:00,290.0,294.0,294.0,288.8,39.002,0.00086,18581210,5427453488.0,3.2303370786516816,284.8,1,63.1328900084832,62.36319619984845,60.50148121313515,1,1,1,0,0,0,0,0,0,0,0,0,0,0,0,0,0,0
220,HK.09988,2020-10-19 00:00:00,298.2,297.2,299.4,295.4,39.426,0.00091,19704407,5859766176.0,1.088435374149656,294.0,1,66.37369192097177,64.19455429329874,61.53471178407721,0,0,0,0,0,0,0,0,0,0,0,0,0,0,0,0,0,0
221,HK.09988,2020-10-20 00:00:00,297.8,299.4,300.4,296.2,39.718,0.0009,19447954,5810052698.0,0.7402422611036301,297.2,1,68.64743025095481,65.45523202166174,62.243256198905286,0,0,0,0,0,0,0,0,0,0,0,0,0,0,0,0,0,0
222,HK.09988,2020-10-21 00:00:00,300.0,300.2,303.8,299.2,39.824,0.00081,17439667,5247408793.0,0.2672010688042791,299.4,1,69.54600481811826,65.93108108195676,62.50532684065626,0,0,0,0,0,0,0,0,0,0,0,0,0,0,0,0,0,0
223,HK.09988,2020-10-22 00:00:00,298.6,300.0,301.6,297.0,39.798,0.00066,14381076,4311092175.0,-0.06662225183210814,300.2,0,68.95313918357179,65.68431968984513,62.392352811816934,0,0,0,0,0,0,0,0,0,0,0,0,0,0,0,0,0,0
224,HK.09988,2020-10-23 00:00:00,297.8,298.0,300.4,297.0,39.533,0.0007,15074407,4499506348.0,-0.6666666666666667,300.0,0,62.55401515321522,63.10765664055068,61.237406539233504,0,0,0,0,0,0,0,0,0,1,0,0,0,0,0,0,0,0
225,HK.09988,2020-10-27 00:00:00,296.6,300.0,300.6,294.2,39.798,0.00084,18285289,5447408480.0,0.6711409395973155,298.0,1,66.30630494718599,64.62164360824187,61.971950636442976,1,0,0,0,0,0,0,0,0,0,0,0,0,0,0,0,0,0
226,HK.09988,2020-10-28 00:00:00,304.4,307.4,309.4,304.2,40.78,0.00129,27847200,8559878076.0,2.4666666666666592,300.0,1,76.68114329600195,69.64909445209847,64.56450949669062,0,0,0,0,0,0,0,0,0,0,0,0,0,0,0,0,0,0
227,HK.09988,2020-10-29 00:00:00,300.0,302.6,305.6,299.0,40.143,0.00111,24070737,7283180469.0,-1.5614834092387622,307.4,0,61.85582393301579,63.28536712488013,61.716641945441665,0,0,0,0,0,0,0,0,0,1,0,0,0,0,0,0,0,0
228,HK.09988,2020-10-30 00:00:00,301.0,293.2,303.0,292.6,38.896,0.00124,26853552,7981680464.0,-3.1064111037673605,302.6,0,42.53181417467336,52.949774557854404,56.613733791797976,0,0,0,0,0,0,0,0,0,0,1,1,0,0,0,0,0,0
229,HK.09988,2020-11-02 00:00:00,298.4,297.8,298.4,291.4,39.506,0.00085,18371445,5429222549.0,1.568894952251031,293.2,1,51.44029961517417,56.72296011819124,58.37133883975592,0,0,0,0,0,0,0,0,0,0,0,0,0,0,0,0,0,0
230,HK.09988,2020-11-03 00:00:00,300.4,299.8,301.6,299.0,39.771,0.0008,17260262,5177454907.0,0.6715916722632639,297.8,1,55.07383307341442,58.30877270256603,59.12262872832947,0,0,0,0,0,0,0,0,0,0,0,0,0,0,0,0,0,0
231,HK.09988,2020-11-04 00:00:00,272.0,277.2,282.0,272.0,36.773,0.00467,101173866,28120207117.0,-7.538358905937299,299.8,0,27.33678333346556,40.1655326345244,48.74876444005353,0,0,0,0,0,0,0,0,0,0,0,0,1,0,0,0,0,0
232,HK.09988,2020-11-05 00:00:00,285.6,294.6,294.6,285.6,39.081,0.00197,42593676,12378945900.0,6.277056277056289,277.2,1,50.4108332374728,52.562876854940825,55.080796285693545,0,0,0,0,0,0,1,0,0,0,0,0,0,0,0,0,0,0
233,HK.09988,2020-11-06 00:00:00,282.8,282.0,289.8,282.0,37.41,0.00242,52373045,14888842669.0,-4.276985743380863,294.6,0,39.50883760859762,45.16965320024401,50.37772061238377,0,0,0,0,0,0,0,0,0,0,0,0,0,0,0,0,0,0
234,HK.09988,2020-11-09 00:00:00,291.4,290.2,293.0,289.4,38.498,0.00165,35794135,10404585724.0,2.9078014184397123,282.0,1,48.24910201752179,50.14783350688816,53.09732706524002,0,0,0,0,0,0,0,0,0,0,0,0,0,0,0,0,0,0
235,HK.09988,2020-11-10 00:00:00,283.4,275.4,283.8,273.0,36.534,0.00295,63855746,17801275351.0,-5.099931082012409,290.2,0,36.74888740147266,42.54263670900529,48.129442943273226,0,0,0,0,0,0,0,0,0,0,0,0,0,0,0,0,0,0
236,HK.09988,2020-11-11 00:00:00,255.0,248.4,258.8,248.4,32.953,0.00539,116686276,29589258768.0,-9.803921568627441,275.4,0,24.148380522379625,32.6793387785665,40.853155322763506,0,0,0,0,0,0,0,0,0,0,0,0,1,0,0,0,0,0
237,HK.09988,2020-11-12 00:00:00,257.8,253.0,258.6,252.2,33.563,0.00253,54771508,13952038363.0,1.8518518518518496,248.4,1,29.11727249296112,35.46037603880997,42.4012223578601,0,0,0,0,0,0,0,0,0,0,0,0,0,0,0,0,0,0
238,HK.09988,2020-11-13 00:00:00,258.6,257.0,260.0,252.4,34.093,0.00194,42011134,10763226917.0,1.5810276679841897,253.0,1,33.65253507002785,37.89415768398535,43.7373980292758,0,0,0,0,0,0,1,0,0,0,0,0,0,0,0,0,0,0
239,HK.09988,2020-11-16 00:00:00,253.4,254.0,254.6,245.0,33.695,0.00187,40495713,10134007532.0,-1.1673151750972763,257.0,0,31.820189881086492,36.75998209351299,42.957506811615715,0,0,0,0,0,0,0,0,0,0,0,0,0,0,0,0,0,0
240,HK.09988,2020-11-17 00:00:00,255.0,249.8,255.6,249.8,33.138,0.00128,27731447,6983949594.0,-1.6535433070866097,254.0,0,29.153404493470504,35.15308495076847,41.86691192527628,0,0,0,0,0,0,0,0,0,0,0,0,1,0,0,0,0,0
241,HK.09988,2020-11-18 00:00:00,251.0,250.0,252.0,247.6,33.165,0.00098,21190712,5298100093.0,0.08006405124098824,249.8,1,29.491073618948292,35.30000676712085,41.940154630256906,0,0,0,0,0,0,0,0,0,0,0,0,0,0,0,0,0,0
242,HK.09988,2020-11-19 00:00:00,250.0,245.2,250.0,245.0,32.528,0.0009,19558960,4824224160.0,-1.9200000000000046,250.0,0,25.93153952826529,33.323289150966446,40.657309400301415,0,0,0,0,0,0,0,0,0,0,0,0,0,0,0,0,0,0
243,HK.09988,2020-11-20 00:00:00,251.0,253.0,255.0,249.2,33.563,0.00115,24969028,6315914812.0,3.1810766721044095,245.2,1,40.043134552354736,39.34447631174415,43.583400947023286,1,0,0,0,0,0,1,0,0,0,0,0,0,0,0,0,0,0
244,HK.09988,2020-11-23 00:00:00,263.2,264.0,266.2,260.6,35.022,0.00207,44892281,11848363431.0,4.3478260869565215,253.0,1,54.6612568756683,46.74339238600745,47.400093163577864,0,1,0,0,0,0,0,0,0,0,0,0,0,0,0,0,0,0
245,HK.09988,2020-11-24 00:00:00,273.0,270.0,274.6,267.8,35.818,0.00191,41400443,11226366736.0,2.272727272727273,264.0,1,60.90089371752108,50.34740901745646,49.35037961057937,0,0,1,0,0,0,0,0,0,0,0,0,0,0,0,0,0,0
246,HK.09988,2020-11-25 00:00:00,274.8,267.0,275.0,264.6,35.42,0.00129,27982144,7535209591.0,-1.1111111111111112,270.0,0,56.25566254778918,48.555124612975284,48.41381838317673,0,0,0,0,0,0,0,0,0,0,0,0,0,0,0,0,0,0
247,HK.09988,2020-11-26 00:00:00,270.0,269.0,271.8,267.2,35.685,0.00086,18539582,4994667750.0,0.7490636704119851,267.0,1,58.77143780804238,49.85340516005541,49.085982296576866,0,0,0,0,0,0,0,0,0,0,0,0,0,0,0,0,0,0
248,HK.09988,2020-11-27 00:00:00,271.0,269.6,271.0,267.2,35.765,0.00053,11575149,3115603306.0,0.22304832713755493,269.0,1,59.607716262761784,50.26418158854643,49.29281346478102,0,0,0,0,0,0,0,0,0,0,0,0,0,0,0,0,0,0
249,HK.09988,2020-11-30 00:00:00,264.0,261.4,264.8,258.6,34.677,0.0009,19453729,5075038557.0,-3.041543026706248,269.6,0,44.72847828536711,44.79362584669946,46.59351975645502,0,0,0,0,0,0,0,0,0,1,1,1,0,0,0,0,0,0
250,HK.09988,2020-12-01 00:00:00,256.8,257.2,259.6,254.6,34.12,0.00091,19622885,5041333082.0,-1.6067329762815565,261.4,0,38.77885019664082,42.22574899347882,45.268621143120534,0,0,0,0,0,0,0,0,0,0,0,0,0,0,0,0,0,0
251,HK.09988,2020-12-02 00:00:00,257.0,255.2,257.2,254.0,33.855,0.00081,17518631,4478535316.0,-0.7776049766718507,257.2,0,36.039506751276626,41.00462412489385,44.63791775340854,0,0,0,0,0,0,0,0,0,0,0,0,0,0,0,0,0,0
252,HK.09988,2020-12-03 00:00:00,255.2,257.4,258.4,254.6,34.146,0.00066,14374923,3693312031.0,0.862068965517237,255.2,1,41.49482132416693,42.98326204059521,45.509334894690184,0,0,0,0,0,0,0,0,0,0,0,0,0,0,0,0,0,0
253,HK.09988,2020-12-04 00:00:00,259.0,264.0,266.6,258.4,35.022,0.0013,28041474,7385523768.0,2.564102564102573,257.4,1,55.2387937878908,48.622625397515684,48.068224295593474,1,1,1,0,0,0,0,0,0,0,0,0,0,0,0,0,0,0
254,HK.09988,2020-12-07 00:00:00,261.0,258.0,261.2,255.0,34.226,0.00074,16021766,4132888474.0,-2.272727272727273,264.0,0,43.97029821652593,44.27928209375201,46.01824181757234,0,0,0,0,0,0,0,0,0,1,1,1,0,0,0,0,0,0
255,HK.09988,2020-12-08 00:00:00,257.0,258.0,259.2,255.4,34.226,0.00054,11781749,3034744808.0,0.0,258.0,0,43.97029821652593,44.27928209375201,46.01824181757234,0,0,0,0,0,0,0,0,0,0,0,0,0,0,0,0,0,0
256,HK.09988,2020-12-09 00:00:00,262.0,260.8,262.8,259.4,34.598,0.00079,17024320,4449526999.0,1.0852713178294617,258.0,1,50.72515699804953,46.91293403541795,47.163232370588496,1,1,0,0,0,0,0,0,0,0,0,0,0,0,0,0,0,0
257,HK.09988,2020-12-10 00:00:00,255.6,255.4,256.2,253.0,33.881,0.00098,21316945,5438671596.0,-2.070552147239266,260.8,0,39.65979945494921,42.66980158648347,45.23248922954047,0,0,0,0,0,0,0,0,0,1,1,0,0,0,0,0,0,0
258,HK.09988,2020-12-11 00:00:00,259.0,258.4,260.6,257.0,34.279,0.00058,12567160,3253601138.0,1.1746280344557445,255.4,1,47.320868844025014,45.64911810188439,46.50209421943493,1,1,0,0,0,0,0,0,0,0,0,0,0,0,0,0,0,0
259,HK.09988,2020-12-14 00:00:00,258.8,251.6,258.8,250.0,33.377,0.00105,22655912,5729615165.0,-2.6315789473684146,258.4,0,35.17381356204979,40.451079142658145,44.08492640862748,0,0,0,0,0,0,0,0,0,1,1,0,0,0,0,0,0,0
260,HK.09988,2020-12-15 00:00:00,250.0,246.0,250.0,245.0,32.634,0.00129,27969305,6886326966.0,-2.225755166931635,251.6,0,28.056551617487173,36.69698469722141,42.199938251990446,0,0,0,0,0,0,0,0,0,0,0,0,1,0,0,0,0,0
261,HK.09988,2020-12-16 00:00:00,248.8,251.0,252.4,246.8,33.297,0.00075,16279191,4076138256.0,2.0325203252032518,246.0,1,40.87481591423951,41.94489092096203,44.414292141310625,0,0,0,0,0,0,1,0,0,0,0,0,0,0,0,0,0,0
262,HK.09988,2020-12-17 00:00:00,255.4,258.0,258.0,254.4,34.226,0.00084,18134098,4647504439.0,2.788844621513944,251.0,1,54.495564683185826,48.469341656452166,47.36036213795692,1,1,1,0,0,0,0,0,0,0,0,0,0,0,0,0,0,0
263,HK.09988,2020-12-18 00:00:00,257.4,255.6,257.4,252.6,33.908,0.00111,23943869,6105691990.0,-0.9302325581395371,258.0,0,49.777578245905026,46.514145561984975,46.47904199548074,0,0,0,0,0,0,0,0,0,0,0,0,0,0,0,0,0,0
264,HK.09988,2020-12-21 00:00:00,255.0,250.0,255.0,248.4,33.165,0.00066,14314027,3601283485.0,-2.190923317683879,255.6,0,40.06528478353559,42.18278990293593,44.46442917327562,0,0,0,0,0,0,0,0,0,1,1,1,0,0,0,0,0,0
265,HK.09988,2020-12-22 00:00:00,252.0,248.8,252.2,247.6,33.006,0.00058,12519867,3121808250.0,-0.47999999999999543,250.0,0,38.151160005368396,41.284113087659534,44.03761888545366,0,0,0,0,0,0,0,0,0,0,0,0,0,0,0,0,0,0
266,HK.09988,2020-12-23 00:00:00,249.2,248.4,249.8,245.2,32.953,0.0007,15189316,3760136050.0,-0.1607717041800666,248.8,0,37.435760456198686,40.96674228250497,43.891077413154164,0,0,0,0,0,0,0,0,0,0,0,0,0,0,0,0,0,0
267,HK.09988,2020-12-24 00:00:00,240.0,228.2,240.0,226.2,30.273,0.0032,69173505,15959593163.0,-8.132045088566835,248.4,0,17.523203234824877,28.778676867061137,37.34291141778479,0,0,0,0,0,0,0,0,0,0,0,0,1,1,0,0,0,0
268,HK.09988,2020-12-28 00:00:00,219.4,210.0,219.8,207.2,27.858,0.00482,104426789,22291605377.0,-7.975460122699382,228.2,0,11.125153107852839,22.267222806958117,32.749349815792385,0,0,0,0,0,0,0,0,0,0,0,0,0,0,0,0,0,0
269,HK.09988,2020-12-29 00:00:00,216.2,222.0,225.0,216.2,29.45,0.00197,42704055,9455648618.0,5.714285714285714,210.0,1,31.045178335644053,33.1471395326835,37.996804611037405,0,0,0,0,0,0,1,1,0,0,0,0,0,0,0,0,0,0
270,HK.09988,2020-12-30 00:00:00,229.8,236.2,236.4,229.4,31.334,0.00187,40430776,9470326477.0,6.396396396396391,222.0,1,47.69305118679448,43.37780227691253,43.44569866875784,1,1,0,0,0,0,0,0,0,0,0,0,0,0,0,0,0,0
271,HK.09988,2020-12-31 00:00:00,233.0,232.6,233.0,229.0,30.856,0.00072,15576728,3603968705.0,-1.524132091447923,236.2,0,44.42970643425673,41.61642938944574,42.45860675688363,0,0,0,0,0,0,0,0,0,0,0,0,0,0,0,0,0,0
272,HK.09988,2021-01-04 00:00:00,224.8,227.6,228.6,223.4,30.193,0.00129,27907724,6309314743.0,-2.1496130696474633,232.6,0,39.88161360450455,39.204441630204016,41.10510905808346,0,0,0,0,0,0,0,0,0,0,1,0,0,0,0,0,0,0
273,HK.09988,2021-01-05 00:00:00,220.0,223.0,224.2,219.2,29.583,0.00162,35061260,7765442681.0,-2.0210896309314563,227.6,0,35.832147339736125,37.04934285005929,39.88452569113951,0,0,0,0,0,0,0,0,0,1,0,0,0,0,0,0,0,0
274,HK.09988,2021-01-06 00:00:00,228.0,230.0,232.6,227.8,30.512,0.00145,31462508,7246448767.0,3.1390134529147984,223.0,1,45.86890290292345,42.31356688678306,42.59142453820082,1,1,0,0,0,0,0,0,0,0,0,0,0,0,0,0,0,0
275,HK.09988,2021-01-07 00:00:00,221.0,221.0,221.8,216.4,29.318,0.00219,47362360,10400576927.0,-3.91304347826087,230.0,0,36.951578731767306,37.87154999056551,40.165028418459066,0,0,0,0,0,0,0,0,0,1,1,0,0,0,0,0,0,0
276,HK.09988,2021-01-08 00:00:00,223.4,224.2,226.4,219.6,29.742,0.00138,29880895,6686597383.0,1.4479638009049722,221.0,1,41.780738862698996,40.302374769761734,41.40354480061886,1,1,0,0,0,0,0,0,0,0,0,0,0,0,0,0,0,0
277,HK.09988,2021-01-11 00:00:00,227.2,221.0,230.4,220.0,29.318,0.00227,49219037,11073011901.0,-1.4272970561998166,224.2,0,38.26378579513394,38.652579045363325,40.52818376008876,0,0,0,0,0,0,0,0,0,1,1,0,0,0,0,0,0,0
278,HK.09988,2021-01-12 00:00:00,221.0,220.0,221.0,217.2,29.185,0.0017,36773693,8063156455.0,-0.4524886877828055,221.0,0,37.092905289598924,38.12059598803842,40.25068795424482,0,0,0,0,0,0,0,0,0,0,0,0,0,0,0,0,0,0
279,HK.09988,2021-01-13 00:00:00,221.6,223.8,225.6,221.0,29.689,0.00118,25521304,5704300238.0,1.7272727272727324,220.0,1,44.79591892097581,41.4605473248162,41.829990795453874,1,1,0,0,0,0,0,0,0,0,0,0,0,0,0,0,0,0
280,HK.09988,2021-01-14 00:00:00,231.8,235.0,235.4,229.4,31.175,0.00259,56102214,13089969050.0,5.00446827524575,223.8,1,61.478946459355605,50.11750291813573,46.203260802563804,0,0,1,0,0,0,0,0,0,0,0,0,0,0,0,0,0,0
281,HK.09988,2021-01-15 00:00:00,238.0,241.0,244.2,236.2,31.971,0.00262,56724043,13633874912.0,2.553191489361702,235.0,1,67.74525491905885,54.08564159042024,48.37296714367382,0,0,0,0,0,0,0,0,0,0,0,0,0,0,0,0,0,0
282,HK.09988,2021-01-18 00:00:00,238.6,242.0,243.6,236.6,32.104,0.00131,28459710,6862396379.0,0.4149377593360996,241.0,1,68.76158005644643,54.74025971116449,48.73256636204625,0,0,0,0,0,0,0,0,0,0,0,0,0,0,0,0,0,0
283,HK.09988,2021-01-19 00:00:00,245.0,244.2,248.8,242.2,32.395,0.00165,35728468,8764559076.0,0.9090909090909044,242.0,1,71.16057624919033,56.237704567432104,49.53942939260314,0,0,0,0,0,0,0,0,0,0,0,0,0,0,0,0,0,0
284,HK.09988,2021-01-20 00:00:00,245.2,265.0,270.0,244.4,35.155,0.00486,105283224,27424669105.0,8.517608517608522,244.2,1,84.58847429310133,67.37191797851045,56.32133384066764,0,0,0,1,0,0,0,0,0,0,0,0,0,0,0,0,0,0
285,HK.09988,2021-01-21 00:00:00,259.6,258.6,262.6,255.2,34.306,0.0024,52014003,13453226086.0,-2.415094339622633,265.0,0,72.17956519032856,62.070974076330465,53.99150000866628,0,0,0,0,0,0,0,0,0,0,0,0,0,0,0,1,0,0
286,HK.09988,2021-01-22 00:00:00,252.4,250.6,253.4,247.2,33.244,0.00185,39959960,10005166192.0,-3.093580819798928,258.6,0,59.16134262753606,56.05648509381985,51.22743625310745,0,0,0,0,0,0,0,0,0,0,0,0,0,0,0,0,0,0
287,HK.09988,2021-01-25 00:00:00,252.6,258.0,262.8,251.0,34.226,0.00221,47792619,12345860291.0,2.952913008778933,250.6,1,65.973408730982,59.97048486690597,53.52399012084085,0,0,0,0,0,0,0,0,0,0,0,0,0,0,0,0,0,0
288,HK.09988,2021-01-26 00:00:00,255.4,253.4,256.0,252.2,33.616,0.00154,33317774,8464356033.0,-1.7829457364341064,258.0,0,58.672912172550156,56.55456003575654,51.93766220571318,0,0,0,0,0,0,0,0,0,0,0,0,0,0,0,0,0,0
289,HK.09988,2021-01-27 00:00:00,261.8,260.0,263.2,255.2,34.491,0.0016,34684877,9026580124.0,2.6045777426992873,253.4,1,65.28665484143532,60.11087276325741,53.97969848750317,0,0,0,0,0,0,0,0,0,0,0,0,0,0,0,0,0,0
